{
  "Accuracy": [
    0.9927117366172405,
    0.9912875931976208,
    0.9941358800368602,
    0.9864287509424479,
    0.9962302085951245,
    0.9884393063583815,
    0.9612968082432772
  ],
  "F1 Score": [
    0.712871287128713,
    0.7894736842105263,
    0.7741935483870968,
    0.6301369863013698,
    0.8598130841121495,
    0.7376425855513309,
    0.9786978974548136
  ],
  "AUC ROC": [
    0.8339601125776398,
    0.8637975024792274,
    0.8625745219781917,
    0.8116122719525282,
    0.907689190222004,
    0.9018827021176599,
    0.8759895506166602
  ]
}