{
  "Accuracy": [
    0.8928541509592025,
    0.9039959788891682,
    0.9122057468375638,
    0.8751780179274524,
    0.9091061405713329,
    0.8448521404037865,
    0.8275948730836894
  ],
  "F1 Score": [
    0.08838203848895225,
    0.26913265306122447,
    0.16693163751987283,
    0.13472706155632985,
    0.1449960598896769,
    0.125590179414542,
    0.8986306767806127
  ],
  "AUC ROC": [
    0.6424446816770187,
    0.8484301435544901,
    0.7762178358508632,
    0.7056577283046571,
    0.7293613409547103,
    0.7036145362616074,
    0.7601241422323841
  ]
}