{
  "Accuracy": [
    0.897796766356706,
    0.9857585658038033,
    0.9913713663399514,
    0.8992209097763257,
    0.9874340286504146,
    0.8669682499790567,
    0.8536483203484962
  ],
  "F1 Score": [
    0.1384180790960452,
    0.6428571428571429,
    0.6053639846743294,
    0.16400277970813065,
    0.3119266055045872,
    0.1947261663286004,
    0.9151818225955236
  ],
  "AUC ROC": [
    0.7552224864130436,
    0.7841175394510075,
    0.7386718870663824,
    0.7223847166401298,
    0.5999543944263653,
    0.8358076801742026,
    0.7777051023831558
  ]
}