{
  "Accuracy": [
    0.9934656948982157,
    0.9917064589092737,
    0.9940521068945296,
    0.988523079500712,
    0.9963977548797855,
    0.9904498617743152,
    0.9642288682248471
  ],
  "F1 Score": [
    0.732876712328767,
    0.8135593220338984,
    0.7717041800643086,
    0.6617283950617284,
    0.8668730650154799,
    0.7710843373493976,
    0.9803234873968942
  ],
  "AUC ROC": [
    0.8312791149068324,
    0.902437826752549,
    0.8625320483118649,
    0.8037172643889392,
    0.9136063499853178,
    0.898809902776357,
    0.8820182095336486
  ]
}