{
  "Accuracy": [
    0.9877691212197369,
    0.9888581720700343,
    0.9941358800368602,
    0.983077825249225,
    0.9946385188908436,
    0.9820725475412583,
    0.9463014157661054
  ],
  "F1 Score": [
    0.47101449275362317,
    0.7577413479052824,
    0.7756410256410257,
    0.391566265060241,
    0.8060606060606061,
    0.42473118279569894,
    0.970771966622589
  ],
  "AUC ROC": [
    0.6997403920807453,
    0.8863425859064346,
    0.8655623513421679,
    0.6463536954036291,
    0.8923014573670851,
    0.6629638796747432,
    0.7831034929770573
  ]
}