{
  "Accuracy": [
    0.9890257183546954,
    0.9901147692049929,
    0.9939683337521991,
    0.9844181955265142,
    0.995141157744827,
    0.9850046075228281,
    0.953757225433526
  ],
  "F1 Score": [
    0.5435540069686412,
    0.773076923076923,
    0.7707006369426752,
    0.4593023255813954,
    0.8209876543209876,
    0.6739526411657558,
    0.9746463347418702
  ],
  "AUC ROC": [
    0.7401979813664596,
    0.8741765595062726,
    0.8654774040095141,
    0.67840250451828,
    0.8925563859870715,
    0.8816864950629905,
    0.836942139987278
  ]
}