{
  "Accuracy": [
    0.9940521068945296,
    0.9925441903325793,
    0.9944709726061824,
    0.9891932646393566,
    0.9963977548797855,
    0.9913713663399514,
    0.9666582893524336
  ],
  "F1 Score": [
    0.7672131147540984,
    0.8311195445920303,
    0.7870967741935484,
    0.6683804627249358,
    0.86084142394822,
    0.7944111776447106,
    0.9816674343620452
  ],
  "AUC ROC": [
    0.862207637810559,
    0.9083557185908361,
    0.8687200753714515,
    0.795096877067712,
    0.8931937075370376,
    0.9136252236372702,
    0.8873685662985066
  ]
}