{
  "Accuracy": [
    0.9909525006282985,
    0.9907849543436374,
    0.9938007874675379,
    0.9824914132529111,
    0.9953924771718187,
    0.9868476166541007,
    0.957443243696071
  ],
  "F1 Score": [
    0.6375838926174497,
    0.7808764940239045,
    0.7672955974842767,
    0.5324384787472035,
    0.8264984227129336,
    0.7129798903107861,
    0.9765855457227139
  ],
  "AUC ROC": [
    0.7932477678571428,
    0.8653702473450604,
    0.8683802860408364,
    0.7670385333885114,
    0.8868516667404133,
    0.9031199053444747,
    0.8630363315977773
  ]
}