{"Accuracy": [0.9863449778001173, 0.9907849543436374, 0.9944709726061824, 0.9846695149535059, 0.9924604171902488, 0.987182709223423, 0.9468878277624194], 
"F1 Score": [
    0.527536231884058, 
    0.809688581314879, 
    0.7975460122699387, 
    0.6714542190305207, 
    0.7222222222222222, 
    0.7292035398230089, 
    0.9703266872601329], 
"AUC ROC": [0.7786599864130433, 0.9349031897788432, 0.8926227102832608, 0.9204975602456822, 0.8445392982272656, 0.9258332612018935, 0.8981164869132205]}