{"Accuracy": [0.9860936583731256, 0.9918740051939349, 0.9936332411828768, 0.9870989360810924, 0.995141157744827, 0.9873502555080841, 0.9514115774482701], 
"F1 Score": 
[0.5699481865284973, 
0.8341880341880342, 
0.7865168539325842, 
0.6956521739130436, 
0.8379888268156425, 
0.7401032702237522, 
0.9727980489635119], 
"AUC ROC": [0.8367320943322981, 0.953758316243513, 0.9220762672597536, 0.8970901808948649, 0.942129946218609, 0.9443625166409021, 0.9202616942531863]}