{
  "Accuracy": [
    0.9794437726723095,
    0.9854897218863361,
    0.992744860943168,
    0.9915356711003628,
    0.9891172914147521,
    0.9842805320435308,
    0.9407496977025392
  ],
  "F1 Score": [
    0.5641025641025641,
    0.8000000000000002,
    0.888888888888889,
    0.7999999999999999,
    0.6666666666666666,
    0.7936507936507937,
    0.964924838940587
  ],
  "AUC ROC": [
    0.6964285714285714,
    0.851680142422669,
    0.9,
    0.9344173859432798,
    0.8430825930825931,
    0.8372049264454328,
    0.8510248828274294
  ]
}