{
  "Accuracy": [
    0.9898634497780012,
    0.9895283572086789,
    0.9937170143252073,
    0.9898634497780012,
    0.9958113428834715,
    0.9910362737706291,
    0.9636424562285332
  ],
  "F1 Score": [
    0.6006600660066006,
    0.7504990019960079,
    0.7491638795986622,
    0.7317073170731707,
    0.8417721518987341,
    0.7922330097087378,
    0.9800073705546343
  ],
  "AUC ROC": [
    0.7804432744565216,
    0.8500890596266236,
    0.8384595187347481,
    0.8738534791340801,
    0.8928962908137201,
    0.9237007935412197,
    0.8788876191937559
  ]
}